date,days left,package size,consumed units,consumed percentage,remaining units,consumption in-between,projected daily consumption,average consumption
27/04/2020,25,140,67.39,48.1%,72.61,67.39,3.03
28/04/2020,24,140,69.61,49.7%,70.39,2.22,3.06
29/04/2020,23,140,71.78,51.3%,68.22,2.17,2.97
30/04/2020,22,140,75.97,54.3%,64.03,4.19,2.91
01/05/2020,21,140,78.8,56.3%,61.2,2.83,2.91
02/05/2020,20,140,81.67,58.3%,58.33,2.87,2.92
03/05/2020,19,140,84.37,60.3%,55.63,2.7,2.93
04/05/2020,18,140,87.28,62.3%,52.72,2.91,2.93
05/05/2020,17,140,90.28,64.5%,49.72,3.0,2.92
06/05/2020,16,140,92.48,66.1%,47.52,2.2,2.97
07/05/2020,15,140,95.05,67.9%,44.95,2.57,3.0
08/05/2020,14,140,98.06,70.0%,41.94,3.01,3.0
09/05/2020,13,140,100.08,71.5%,39.92,2.02,3.07
10/05/2020,12,140,102.63,73.3%,37.37,2.55,3.11
11/05/2020,11,140,104.61,74.7%,35.39,1.98,3.22
12/05/2020,10,140,106.99,76.4%,33.01,2.38,3.3
13/05/2020,9,140,109.59,78.3%,30.41,2.6,3.38
14/05/2020,8,140,118.34,84.5%,21.66,8.75,2.71
15/05/2020,7,140,120.69,86.2%,19.31,2.35,2.76
17/05/2020,5,140,123.61,88.3%,16.39,2.92,3.28
18/05/2020,4,140,125.87,89.9%,14.13,2.26,3.53
19/05/2020,3,140,127.71,91.2%,12.29,1.84,4.1
20/05/2020,2,140,129.71,92.7%,10.29,2.0,5.14
21/05/2020,1,140,135.65,96.9%,4.35,5.94,4.35
22/05/2020,30,140,15.77,11.3%,124.23,15.77,4.14
23/05/2020,29,140,48.77,34.8%,91.23,33.0,3.15
24/05/2020,28,140,51.03,36.4%,88.97,2.26,3.18
25/05/2020,27,140,53.79,38.4%,86.21,2.76,3.19
26/05/2020,26,140,55.98,40.0%,84.02,2.19,3.23
27/05/2020,25,140,58.61,41.9%,81.39,2.63,3.26
28/05/2020,24,140,62.04,44.3%,77.96,3.43,3.25
29/05/2020,23,140,64.46,46.0%,75.54,2.42,3.28
30/05/2020,22,140,67.58,48.3%,72.42,3.12,3.29
31/05/2020,21,140,69.97,50.0%,70.03,2.39,3.33
01/06/2020,20,140,72.67,51.9%,67.33,2.7,3.37
02/06/2020,19,140,81.96,58.5%,58.04,9.29,3.05
03/06/2020,18,140,84.79,60.6%,55.21,2.83,3.07
04/06/2020,17,140,89.07,63.6%,50.93,4.28,3.0
05/06/2020,16,140,91.71,65.5%,48.29,2.64,3.02
06/06/2020,15,140,93.79,67.0%,46.21,2.08,3.08
07/06/2020,14,140,97.28,69.5%,42.72,3.49,3.05
08/06/2020,13,140,99.71,71.2%,40.29,2.43,3.1
10/06/2020,11,140,104.99,75.0%,35.01,5.28,3.18
10/06/2020,11,140,109.39,78.1%,30.61,4.4,2.78
11/06/2020,10,140,113.77,81.3%,26.23,4.38,2.62
12/06/2020,9,140,117.29,83.8%,22.71,3.52,2.52
13/06/2020,8,140,119.44,85.3%,20.56,2.15,2.57
14/06/2020,7,140,121.87,87.1%,18.13,2.43,2.59
15/06/2020,6,140,124.27,88.8%,15.73,2.4,2.62
16/06/2020,5,140,125.84,89.9%,14.16,1.57,2.83
17/06/2020,4,140,128.31,91.6%,11.69,2.47,2.92
18/06/2020,3,140,131.44,93.9%,8.56,3.13,2.85
19/06/2020,2,140,133.67,95.5%,6.33,2.23,3.17
20/06/2020,1,140,138.06,98.6%,1.94,4.39,1.94
21/06/2020,30,140,5.64,4.0%,134.36,5.64,4.48
22/06/2020,29,140,8.6,6.1%,131.4,2.96,4.53
23/06/2020,28,140,13.3,9.5%,126.7,4.7,4.53
24/06/2020,27,140,16.74,12.0%,123.26,3.44,4.57
25/06/2020,26,140,21.83,15.6%,118.17,5.09,4.54
26/06/2020,25,140,23.65,16.9%,116.35,1.82,4.65
27/06/2020,24,140,27.03,19.3%,112.97,3.38,4.71
28/06/2020,23,140,30.71,21.9%,109.29,3.68,4.75
29/06/2020,22,140,33.74,24.1%,106.26,3.03,4.83
30/06/2020,21,140,37.08,26.5%,102.92,3.34,4.9
01/07/2020,20,140,41.46,29.6%,98.54,4.38,4.93
02/07/2020,19,140,45.78,32.7%,94.22,4.32,4.96
03/07/2020,18,140,49.83,35.6%,90.17,4.05,5.01
04/07/2020,17,140,62.72,44.8%,77.28,12.89,4.55
05/07/2020,16,140,72.34,51.7%,67.66,9.62,4.23
06/07/2020,15,140,77.4,55.3%,62.6,5.06,4.17
07/07/2020,14,140,81.25,58.0%,58.75,3.85,4.2
08/07/2020,13,140,85.02,60.7%,54.98,3.77,4.23
09/07/2020,12,140,91.14,65.1%,48.86,6.12,4.07
10/07/2020,11,140,96.76,69.1%,43.24,5.62,3.93
11/07/2020,10,140,103.66,74.0%,36.34,6.9,3.63
12/07/2020,9,140,119.86,85.6%,20.14,16.2,2.24
13/07/2020,8,140,121.85,87.0%,18.15,1.99,2.27
14/07/2020,7,140,124.27,88.8%,15.73,2.42,2.25
15/07/2020,6,140,127.16,90.8%,12.84,2.89,2.14
16/07/2020,5,140,130.79,93.4%,9.21,3.63,1.84
17/07/2020,4,140,133.62,95.4%,6.38,2.83,1.59
18/07/2020,3,140,135.77,97.0%,4.23,2.15,1.41
19/07/2020,2,140,138.18,98.7%,1.82,2.41,0.91
20/07/2020,1,140,140.0,100.0%,0.0,1.82,0.0
21/07/2020,30,140,8.72,6.2%,131.28,8.72,4.38
22/07/2020,29,140,13.25,9.5%,126.75,4.53,4.37
23/07/2020,28,140,16.54,11.8%,123.46,3.29,4.41
24/07/2020,27,140,18.88,13.5%,121.12,2.34,4.49
25/07/2020,26,140,21.17,15.1%,118.83,2.29,4.57
26/07/2020,25,140,23.42,16.7%,116.58,2.25,4.66
27/07/2020,24,140,25.73,18.4%,114.27,2.31,4.76
28/07/2020,23,140,28.89,20.6%,111.11,3.16,4.83
29/07/2020,22,140,31.15,22.2%,108.85,2.26,4.95
30/07/2020,21,140,34.21,24.4%,105.79,3.06,5.04
31/07/2020,20,140,37.55,26.8%,102.45,3.34,5.12
01/08/2020,19,140,41.24,29.5%,98.76,3.69,5.2
02/08/2020,18,140,43.21,30.9%,96.79,1.97,5.38
03/08/2020,17,140,58.26,41.6%,81.74,15.05,4.81,4.16
04/08/2020,16,140,64.34,46.0%,75.66,6.08,4.73,4.29
05/08/2020,15,140,67.65,48.3%,72.35,3.31,4.82,4.23
06/08/2020,14,140,72.22,51.6%,67.78,4.57,4.84,4.25
07/08/2020,13,140,75.77,54.1%,64.23,3.55,4.94,4.21
08/08/2020,12,140,79.81,57.0%,60.19,4.04,5.02,4.2
09/08/2020,11,140,83.1,59.4%,56.9,3.29,5.17,4.15
10/08/2020,10,140,84.51,60.4%,55.49,1.41,5.55,4.02
11/08/2020,9,140,86.18,61.6%,53.82,1.67,5.98,3.92
12/08/2020,8,140,87.92,62.8%,52.08,1.74,6.51,3.82
13/08/2020,7,140,91.18,65.1%,48.82,3.26,6.97,3.8
14/08/2020,6,140,93.79,67.0%,46.21,2.61,7.7,3.75
15/08/2020,5,140,97.19,69.4%,42.81,3.4,8.56,3.74
16/08/2020,4,140,106.3,75.9%,33.7,9.11,8.43,3.94
17/08/2020,3,140,109.91,78.5%,30.09,3.61,10.03,3.93
18/08/2020,2,140,120.14,85.8%,19.86,10.23,9.93,4.14
19/08/2020,1,140,136.11,97.2%,3.89,15.97,3.89,4.54
20/08/2020,30,140,3.02,2.2%,136.98,3.02,4.57,3.02
21/08/2020,29,140,10.52,7.5%,129.48,7.5,4.46,5.26
22/08/2020,28,140,13.79,9.8%,126.21,3.27,4.51,4.6
23/08/2020,27,140,21.42,15.3%,118.58,7.63,4.39,5.36
24/08/2020,26,140,37.55,26.8%,102.45,16.13,3.94,7.51
25/08/2020,25,140,48.93,34.9%,91.07,11.38,3.64,8.15
26/08/2020,24,140,58.94,42.1%,81.06,10.01,3.38,8.42
27/08/2020,23,140,62.35,44.5%,77.65,3.41,3.38,7.79
28/08/2020,22,140,66.34,47.4%,73.66,3.99,3.35,7.37
29/08/2020,21,140,68.41,48.9%,71.59,2.07,3.41,6.84
30/08/2020,20,140,71.27,50.9%,68.73,2.86,3.44,6.48
31/08/2020,19,140,74.69,53.3%,65.31,3.42,3.44,6.22
01/09/2020,18,140,85.13,60.8%,54.87,10.44,3.05,6.55
02/09/2020,17,140,87.91,62.8%,52.09,2.78,3.06,6.28
03/09/2020,16,140,90.0,64.3%,50.0,2.09,3.12,6.0
04/09/2020,15,140,91.7,65.5%,48.3,1.7,3.22,5.73
05/09/2020,14,140,93.63,66.9%,46.37,1.93,3.31,5.51
06/09/2020,13,140,95.85,68.5%,44.15,2.22,3.4,5.32
07/09/2020,12,140,99.16,70.8%,40.84,3.31,3.4,5.22
08/09/2020,11,140,101.21,72.3%,38.79,2.05,3.53,5.06
09/09/2020,10,140,106.97,76.4%,33.03,5.76,3.3,5.09
10/09/2020,9,140,109.26,78.0%,30.74,2.29,3.42,4.97
11/09/2020,8,140,110.88,79.2%,29.12,1.62,3.64,4.82
14/09/2020,5,140,114.37,81.7%,25.63,3.49,5.13,4.4
14/09/2020,5,140,117.54,84.0%,22.46,1.81,4.49,4.52
15/09/2020,4,140,121.49,86.8%,18.51,3.95,4.63,4.5
16/09/2020,3,140,124.43,88.9%,15.57,2.94,5.19,4.44
17/09/2020,2,140,130.99,93.6%,9.01,6.56,4.5,4.52
18/09/2020,1,140,135.09,96.5%,4.91,4.1,4.91,4.5
19/09/2020,30,140,3.05,2.2%,136.95,3.05,4.56,3.05
20/09/2020,29,140,7.4,5.3%,132.6,4.35,4.57,3.7
21/09/2020,28,140,13.05,9.3%,126.95,5.65,4.53,4.35
22/09/2020,27,140,17.68,12.6%,122.32,4.63,4.53,4.42
23/09/2020,26,140,22.03,15.7%,117.97,4.35,4.54,4.41
24/09/2020,25,140,26.1,18.6%,113.9,4.07,4.56,4.35
25/09/2020,24,140,30.38,21.7%,109.62,4.28,4.57,4.34
26/09/2020,23,140,34.13,24.4%,105.87,3.75,4.6,4.27
27/09/2020,22,140,38.43,27.5%,101.57,4.3,4.62,4.27
28/09/2020,21,140,41.32,29.5%,98.68,2.89,4.7,4.13
29/09/2020,20,140,44.85,32.0%,95.15,3.53,4.76,4.08
30/09/2020,19,140,49.11,35.1%,90.89,4.26,4.78,4.09
02/10/2020,17,140,58.68,41.9%,81.32,9.57,4.78,4.19
03/10/2020,16,140,65.95,47.1%,74.05,7.27,4.63,4.4
04/10/2020,15,140,70.76,50.5%,69.24,4.81,4.62,4.42
05/10/2020,14,140,75.08,53.6%,64.92,4.32,4.64,4.42
06/10/2020,13,140,77.14,55.1%,62.86,2.06,4.84,4.29
07/10/2020,12,140,82.38,58.8%,57.62,5.24,4.8,4.34
08/10/2020,11,140,84.03,60.0%,55.97,1.65,5.09,4.2
09/10/2020,10,140,86.54,61.8%,53.46,2.51,5.35,4.12
10/10/2020,9,140,92.78,66.3%,47.22,6.24,5.25,4.22
11/10/2020,8,140,97.49,69.6%,42.51,4.71,5.31,4.24
12/10/2020,7,140,100.61,71.9%,39.39,3.12,5.63,4.19
13/10/2020,6,140,104.66,74.8%,35.34,4.05,5.89,4.19
15/10/2020,4,140,111.52,79.7%,28.48,6.86,7.12,4.13
16/10/2020,3,140,116.31,83.1%,23.69,4.79,7.9,4.15
17/10/2020,2,140,120.7,86.2%,19.3,4.39,9.65,4.16
18/10/2020,1,140,123.75,88.4%,16.25,3.05,16.25,4.12
19/10/2020,30,140,3.2,2.3%,136.8,3.2,4.56,3.2
20/10/2020,29,140,7.16,5.1%,132.84,3.96,4.58,3.58
21/10/2020,28,140,10.12,7.2%,129.88,2.96,4.64,3.37
22/10/2020,27,140,13.06,9.3%,126.94,2.94,4.7,3.27
23/10/2020,26,140,18.07,12.9%,121.93,5.01,4.69,3.61
24/10/2020,25,140,22.47,16.1%,117.53,4.4,4.7,3.74
25/10/2020,24,140,24.72,17.7%,115.28,2.25,4.8,3.53
26/10/2020,23,140,27.39,19.6%,112.61,2.67,4.9,3.42
27/10/2020,22,140,29.56,21.1%,110.44,2.17,5.02,3.28
28/10/2020,21,140,36.31,25.9%,103.69,6.75,4.94,3.63
29/10/2020,20,140,40.22,28.7%,99.78,3.91,4.99,3.66
30/10/2020,19,140,42.26,30.2%,97.74,2.04,5.14,3.52
31/10/2020,18,140,45.68,32.6%,94.32,3.42,5.24,3.51
01/11/2020,17,140,47.8,34.1%,92.2,2.12,5.42,3.41
02/11/2020,16,140,50.95,36.4%,89.05,3.15,5.57,3.4
03/11/2020,15,140,53.88,38.5%,86.12,2.93,5.74,3.37
04/11/2020,14,140,59.72,42.7%,80.28,5.84,5.73,3.51
05/11/2020,13,140,63.81,45.6%,76.19,4.09,5.86,3.54
06/11/2020,12,140,66.91,47.8%,73.09,3.1,6.09,3.52
07/11/2020,11,140,69.84,49.9%,70.16,2.93,6.38,3.49
08/11/2020,10,140,72.26,51.6%,67.74,2.42,6.77,3.44
09/11/2020,9,140,87.74,62.7%,52.26,15.48,5.81,3.99
10/11/2020,8,140,92.1,65.8%,47.9,4.36,5.99,4.0
11/11/2020,7,140,96.43,68.9%,43.57,4.33,6.22,4.02
12/11/2020,6,140,100.44,71.7%,39.56,4.01,6.59,4.02
13/11/2020,5,140,106.15,75.8%,33.85,5.71,6.77,4.08
14/11/2020,4,140,109.77,78.4%,30.23,3.62,7.56,4.07
15/11/2020,3,140,112.51,80.4%,27.49,2.74,9.16,4.02
16/11/2020,2,140,122.73,87.7%,17.27,10.22,8.63,4.23
17/11/2020,1,140,126.52,90.4%,13.48,3.79,13.48,4.22
18/11/2020,30,140,2.65,1.9%,137.35,2.65,4.58,2.65
19/11/2020,29,140,7.71,5.5%,132.29,5.06,4.56,3.85
20/11/2020,28,140,11.27,8.1%,128.73,3.56,4.6,3.76
21/11/2020,27,140,20.53,14.7%,119.47,9.26,4.42,5.13
22/11/2020,26,140,24.58,17.6%,115.42,4.05,4.44,4.92
23/11/2020,25,140,29.7,21.2%,110.3,5.12,4.41,4.95
24/11/2020,24,140,32.19,23.0%,107.81,2.49,4.49,4.6
25/11/2020,23,140,36.51,26.1%,103.49,4.32,4.5,4.56
26/11/2020,22,140,40.2,28.7%,99.8,3.69,4.54,4.47
27/11/2020,21,140,44.39,31.7%,95.61,4.19,4.55,4.44
28/11/2020,20,140,52.89,37.8%,87.11,8.5,4.36,4.81
29/11/2020,19,140,55.31,39.5%,84.69,2.42,4.46,4.61
30/11/2020,18,140,58.26,41.6%,81.74,2.95,4.54,4.48
01/12/2020,17,140,61.31,43.8%,78.69,3.05,4.63,4.38
02/12/2020,16,140,68.68,49.1%,71.32,7.37,4.46,4.58
04/12/2020,14,140,74.28,53.1%,65.72,5.6,4.69,4.37
04/12/2020,14,140,77.61,55.4%,62.39,3.33,4.46,4.57
05/12/2020,13,140,80.44,57.5%,59.56,2.83,4.58,4.47
06/12/2020,12,140,83.81,59.9%,56.19,3.37,4.68,4.41
07/12/2020,11,140,87.0,62.1%,53.0,3.19,4.82,4.35
08/12/2020,10,140,94.25,67.3%,45.75,7.25,4.58,4.49
09/12/2020,9,140,100.06,71.5%,39.94,5.81,4.44,4.55
10/12/2020,8,140,105.97,75.7%,34.03,5.91,4.25,4.61
11/12/2020,7,140,109.05,77.9%,30.95,3.08,4.42,4.54
12/12/2020,6,140,111.04,79.3%,28.96,1.99,4.83,4.44
13/12/2020,5,140,113.0,80.7%,27.0,1.96,5.4,4.35
14/12/2020,4,140,115.24,82.3%,24.76,2.24,6.19,4.27
15/12/2020,3,140,117.74,84.1%,22.26,2.5,7.42,4.21
16/12/2020,2,140,120.55,86.1%,19.45,2.81,9.72,4.16
17/12/2020,1,140,123.58,88.3%,16.42,3.03,16.42,4.12
18/12/2020,30,140,2.49,1.8%,137.51,2.49,4.58,2.49
19/12/2020,29,140,4.41,3.1%,135.59,1.92,4.68,2.21
20/12/2020,28,140,6.13,4.4%,133.87,1.72,4.78,2.04
21/12/2020,27,140,7.95,5.7%,132.05,1.82,4.89,1.99
22/12/2020,26,140,9.74,7.0%,130.26,1.79,5.01,1.95
23/12/2020,25,140,17.48,12.5%,122.52,7.74,4.9,2.91
24/12/2020,24,140,20.4,14.6%,119.6,2.92,4.98,2.91
25/12/2020,23,140,22.65,16.2%,117.35,2.25,5.1,2.83
26/12/2020,22,140,25.44,18.2%,114.56,2.79,5.21,2.83
27/12/2020,21,140,27.34,19.5%,112.66,1.9,5.36,2.73
28/12/2020,20,140,34.99,25.0%,105.01,7.65,5.25,3.18
29/12/2020,19,140,37.07,26.5%,102.93,2.08,5.42,3.09
30/12/2020,18,140,38.79,27.7%,101.21,1.72,5.62,2.98
31/12/2020,17,140,41.81,29.9%,98.19,3.02,5.78,2.99
02/01/2021,15,140,54.16,38.7%,85.84,12.35,5.72,3.38
03/01/2021,14,140,59.03,42.2%,80.97,4.87,5.78,3.47
04/01/2021,13,140,61.01,43.6%,78.99,1.98,6.08,3.39
05/01/2021,12,140,63.77,45.6%,76.23,2.76,6.35,3.36
06/01/2021,11,140,67.49,48.2%,72.51,3.72,6.59,3.37
07/01/2021,10,140,71.22,50.9%,68.78,3.73,6.88,3.39
08/01/2021,9,140,75.49,53.9%,64.51,4.27,7.17,3.43
09/01/2021,8,140,81.12,57.9%,58.88,5.63,7.36,3.53
10/01/2021,7,140,83.83,59.9%,56.17,2.71,8.02,3.49
11/01/2021,6,140,88.41,63.1%,51.59,4.58,8.6,3.54
12/01/2021,5,140,92.74,66.2%,47.26,4.33,9.45,3.57
13/01/2021,4,140,104.85,74.9%,35.15,12.11,8.79,3.88
14/01/2021,3,140,106.7,76.2%,33.3,1.85,11.1,3.81
15/01/2021,2,140,112.0,80.0%,28.0,5.3,14.0,3.86
16/01/2021,1,140,139.36,99.5%,0.64,27.36,0.64,4.65
17/01/2021,30,140,5.73,4.1%,134.27,5.73,4.48,5.73
18/01/2021,29,140,7.56,5.4%,132.44,1.83,4.57,3.78
19/01/2021,28,140,10.64,7.6%,129.36,3.08,4.62,3.55
20/01/2021,27,140,14.27,10.2%,125.73,3.63,4.66,3.57
21/01/2021,26,140,17.8,12.7%,122.2,3.53,4.7,3.56
22/01/2021,25,140.0,20.46,14.6%,119.54,2.66,4.78,3.41
23/01/2021,24,140.0,24.93,17.8%,115.07,4.47,4.79,3.56
24/01/2021,23,140.0,28.74,20.5%,111.26,3.81,4.84,3.59
25/01/2021,22,140.0,33.22,23.7%,106.78,4.48,4.85,3.69
26/01/2021,21,140.0,36.25,25.9%,103.75,3.03,4.94,3.62
27/01/2021,20,140.0,38.84,27.7%,101.16,2.59,5.06,3.53
28/01/2021,19,140.0,43.1,30.8%,96.9,4.26,5.1,3.59
29/01/2021,18,140.0,46.12,32.9%,93.88,3.02,5.22,3.55
30/01/2021,17,140.0,49.55,35.4%,90.45,3.43,5.32,3.54
31/01/2021,16,140.0,54.83,39.2%,85.17,5.28,5.32,3.66
01/02/2021,15,140.0,58.95,0.421,81.05,4.12,5.4,3.68
2021-02-02,14,140.0,63.12,0.451,76.88,4.17,5.49,3.71
2021-02-03,13,140.0,81.67,0.583,58.33,18.55,4.49,4.54
2021-02-04,12,140.0,88.75,0.634,51.25,7.08,4.27,4.67
2021-02-05,11,140.0,93.2,0.666,46.8,4.45,4.25,4.66
2021-02-06,10,140.0,97.44,0.696,42.56,4.24,4.26,4.64
2021-02-07,9,140.0,101.99,0.728,38.01,4.55,4.22,4.64
2021-02-08,8,140.0,105.27,0.752,34.73,3.28,4.34,4.58
2021-02-09,7,140.0,108.78,0.777,31.22,3.51,4.46,4.53
2021-02-10,6,140.0,112.64,0.805,27.36,3.86,4.56,4.51
2021-02-11,5,140.0,124.91,0.892,15.09,12.27,3.02,4.8
2021-02-12,4,140.0,127.95,0.914,12.05,3.04,3.01,4.74
2021-02-13,3,140.0,130.71,0.934,9.29,2.76,3.1,4.67
2021-02-14,2,140.0,133.35,0.953,6.65,2.64,3.33,4.6
2021-02-15,1,140.0,137.11,0.979,2.89,3.76,2.89,4.57
2021-02-16,30,140.0,10.54,0.075,129.46,10.54,4.32,10.54
2021-02-17,29,140.0,13.38,0.096,126.62,2.84,4.37,6.69
2021-02-18,28,140.0,18.62,0.133,121.38,5.24,4.33,6.21
2021-02-19,27,140.0,22.56,0.161,117.44,3.94,4.35,5.64
2021-02-20,26,140.0,26.03,0.186,113.97,3.47,4.38,5.21
2021-02-21,25,140.0,43.87,0.313,96.13,17.84,3.85,7.31
2021-02-22,24,140.0,51.12,0.365,88.88,7.25,3.7,7.3
2021-02-23,23,140.0,56.7,0.405,83.3,5.58,3.62,7.09
2021-02-24,22,140.0,59.93,0.428,80.07,3.23,3.64,6.66
2021-02-25,21,140.0,63.48,0.453,76.52,3.55,3.64,6.35
2021-02-26,20,140.0,68.55,0.49,71.45,5.07,3.57,6.23
2021-02-27,19,140.0,71.51,0.511,68.49,2.96,3.6,5.96
2021-02-28,18,140.0,74.7,0.534,65.3,3.19,3.63,5.75
2021-03-01,17,140.0,77.34,0.552,62.66,2.64,3.69,5.52
2021-03-02,16,140.0,81.38,0.581,58.62,4.04,3.66,5.43
2021-03-03,15,140.0,84.59,0.604,55.41,3.21,3.69,5.29
2021-03-05,13,140.0,94.15,0.672,45.85,9.56,3.53,5.23
2021-03-06,12,140.0,97.26,0.695,42.74,3.11,3.56,5.12
2021-03-07,11,140.0,100.65,0.719,39.35,3.39,3.58,5.03
2021-03-08,10,140.0,104.99,0.75,35.01,4.34,3.5,5.0
2021-03-09,9,140.0,108.12,0.772,31.88,3.13,3.54,4.91
2021-03-10,8,140.0,111.17,0.794,28.83,3.05,3.6,4.83
2021-03-11,7,140.0,116.69,0.834,23.31,5.52,3.33,4.86
2021-03-12,6,140.0,119.78,0.856,20.22,3.09,3.37,4.79
2021-03-13,5,140.0,125.15,0.894,14.85,5.37,2.97,4.81
2021-03-14,4,140.0,128.29,0.916,11.71,3.14,2.93,4.75
2021-03-15,3,140.0,133.17,0.951,6.83,4.88,2.28,4.76
2021-03-16,2,140.0,137.74,0.984,2.26,4.57,1.13,4.75
2021-03-18,30,140.0,13.64,0.097,126.36,13.64,4.21,13.64
2021-03-19,29,140.0,22.6,0.161,117.4,8.96,4.05,11.3
2021-03-20,28,140.0,27.26,0.195,112.74,4.66,4.03,9.09
2021-03-21,27,140.0,35.19,0.251,104.81,7.93,3.88,8.8
2021-03-22,26,140.0,38.29,0.274,101.71,3.1,3.91,7.66
2021-03-23,25,140.0,42.67,0.305,97.33,4.38,3.89,7.11
2021-03-24,24,140.0,47.11,0.337,92.89,4.44,3.87,6.73
2021-03-25,23,140.0,51.65,0.369,88.35,4.54,3.84,6.46
2021-03-26,22,140.0,56.02,0.4,83.98,4.37,3.82,6.22
2021-03-27,21,140.0,60.19,0.43,79.81,4.17,3.8,6.02
2021-03-28,20,140.0,63.98,0.457,76.02,3.79,3.8,5.82
2021-03-29,19,140.0,68.82,0.492,71.18,4.84,3.75,5.73
2021-03-30,18,140.0,72.57,0.518,67.43,3.75,3.75,5.58
2021-03-31,17,140.0,76.11,0.544,63.89,3.54,3.76,5.44
2021-04-01,16,140.0,81.03,0.579,58.97,4.92,3.69,5.4
2021-04-02,15,140.0,83.81,0.599,56.19,2.78,3.75,5.24
2021-04-03,14,140.0,87.54,0.625,52.46,3.73,3.75,5.15
2021-04-04,13,140.0,91.47,0.653,48.53,3.93,3.73,5.08
2021-04-05,12,140.0,94.51,0.675,45.49,3.04,3.79,4.97
2021-04-06,11,140.0,98.25,0.702,41.75,3.74,3.8,4.91
2021-04-07,10,140.0,103.28,0.738,36.72,5.03,3.67,4.92
2021-04-08,9,140.0,108.66,0.776,31.34,5.38,3.48,4.94
2021-04-09,8,140.0,110.93,0.792,29.07,2.27,3.63,4.82
2021-04-10,7,140.0,114.04,0.815,25.96,3.11,3.71,4.75
2021-04-12,5,140.0,120.57,0.861,19.43,6.53,3.89,4.64
2021-04-13,4,140.0,123.54,0.882,16.46,2.97,4.12,4.58
2021-04-14,3,140.0,130.52,0.932,9.48,6.98,3.16,4.66
2021-04-15,2,140.0,134.87,0.963,5.13,4.35,2.56,4.65
2021-04-16,1,140.0,138.92,0.992,1.08,4.05,1.08,4.63
2021-04-17,30,140.0,4.37,0.031,135.63,4.37,4.52,4.37
2021-04-18,29,140.0,8.37,0.06,131.63,4.0,4.54,4.18
2021-04-19,28,140.0,10.99,0.079,129.01,2.62,4.61,3.66
2021-04-20,27,140.0,13.64,0.097,126.36,2.65,4.68,3.41
2021-04-21,26,140.0,14.87,0.106,125.13,1.23,4.81,2.97
2021-04-22,25,140.0,18.51,0.132,121.49,3.64,4.86,3.09
2021-04-23,24,140.0,21.88,0.156,118.12,3.37,4.92,3.13
2021-04-24,23,140.0,26.38,0.188,113.62,4.5,4.94,3.3
2021-04-25,22,140.0,29.78,0.213,110.22,3.4,5.01,3.31
2021-04-26,21,140.0,32.6,0.233,107.4,2.82,5.11,3.26
2021-04-27,20,140.0,35.86,0.256,104.14,3.26,5.21,3.26
2021-04-28,19,140.0,40.7,0.291,99.3,4.84,5.23,3.39
2021-04-29,18,140.0,44.99,0.321,95.01,4.29,5.28,3.46
2021-04-30,17,140.0,49.17,0.351,90.83,4.18,5.34,3.51
2021-05-01,16,140.0,53.74,0.384,86.26,4.57,5.39,3.58
2021-05-02,15,140.0,57.54,0.411,82.46,3.8,5.5,3.6
2021-05-03,14,140.0,64.31,0.459,75.69,6.77,5.41,3.78
2021-05-04,13,140.0,69.93,0.5,70.07,5.62,5.39,3.89
2021-05-05,12,140.0,77.44,0.553,62.56,7.51,5.21,4.08
2021-05-06,11,140.0,83.33,0.595,56.67,5.89,5.15,4.17
2021-05-07,10,140.0,87.48,0.625,52.52,4.15,5.25,4.17
2021-05-08,9,140.0,92.13,0.658,47.87,4.65,5.32,4.19
2021-05-09,8,140.0,97.34,0.695,42.66,5.21,5.33,4.23
2021-05-10,7,140.0,100.47,0.718,39.53,3.13,5.65,4.19
2021-05-11,6,140.0,105.81,0.756,34.19,5.34,5.7,4.23
2021-05-12,5,140.0,115.86,0.828,24.14,10.05,4.83,4.46
2021-05-13,4,140.0,119.13,0.851,20.87,3.27,5.22,4.41
2021-05-14,3,140.0,121.75,0.87,18.25,2.62,6.08,4.35
2021-05-16,1,140.0,136.18,0.973,3.82,14.43,3.82,4.54
2021-05-17,30,140.0,3.36,0.024,136.64,3.36,4.55,3.36
2021-05-18,29,140.0,8.45,0.06,131.55,5.09,4.54,4.22
2021-05-19,28,140.0,12.05,0.086,127.95,3.6,4.57,4.02
2021-05-20,27,140.0,18.33,0.131,121.67,6.28,4.51,4.58
2021-05-21,26,140.0,23.25,0.166,116.75,4.92,4.49,4.65
2021-05-22,25,140.0,27.01,0.193,112.99,3.76,4.52,4.5
2021-05-23,24,140.0,32.06,0.229,107.94,5.05,4.5,4.58
2021-05-24,23,140.0,36.52,0.261,103.48,4.46,4.5,4.57
2021-05-25,22,140.0,40.43,0.289,99.57,3.91,4.53,4.49
2021-05-26,21,140.0,43.69,0.312,96.31,3.26,4.59,4.37
2021-05-27,20,140.0,49.4,0.353,90.6,5.71,4.53,4.49
2021-05-28,19,140.0,52.65,0.376,87.35,3.25,4.6,4.39
2021-05-29,18,140.0,57.78,0.413,82.22,5.13,4.57,4.44
2021-05-30,17,140.0,63.83,0.456,76.17,6.05,4.48,4.56
2021-05-31,16,140.0,67.27,0.48,72.73,3.44,4.55,4.48
2021-06-01,15,140.0,71.93,0.514,68.07,4.66,4.54,4.5
2021-06-02,14,140.0,74.59,0.533,65.41,2.66,4.67,4.39
2021-06-03,13,140.0,79.65,0.569,60.35,5.06,4.64,4.43
2021-06-04,12,140.0,83.04,0.593,56.96,3.39,4.75,4.37
2021-06-05,11,140.0,85.99,0.614,54.01,2.95,4.91,4.3
2021-06-06,10,140.0,89.46,0.639,50.54,3.47,5.05,4.26
2021-06-07,9,140.0,92.6,0.661,47.4,3.14,5.27,4.21
2021-06-08,8,140.0,97.04,0.693,42.96,4.44,5.37,4.22
2021-06-09,7,140.0,101.17,0.723,38.83,4.13,5.55,4.22
2021-06-10,6,140.0,105.35,0.752,34.65,4.18,5.77,4.21
2021-06-11,5,140.0,110.92,0.792,29.08,5.57,5.82,4.27
2021-06-12,4,140.0,119.15,0.851,20.85,8.23,5.21,4.41
2021-06-13,3,140.0,124.87,0.892,15.13,5.72,5.04,4.46
2021-06-14,2,140.0,129.59,0.926,10.41,4.72,5.21,4.47
2021-06-15,1,140.0,137.26,0.98,2.74,7.67,2.74,4.58
2021-06-16,30,140.0,4.3,0.031,135.7,4.3,4.52,4.3
2021-06-17,29,140.0,10.83,0.077,129.17,6.53,4.45,5.42
2021-06-18,28,140.0,14.94,0.107,125.06,4.11,4.47,4.98
2021-06-19,27,140.0,18.94,0.135,121.06,4.0,4.48,4.74
2021-06-20,26,140.0,23.19,0.166,116.81,4.25,4.49,4.64
2021-06-21,25,140.0,28.44,0.203,111.56,5.25,4.46,4.74
2021-06-22,24,140.0,35.01,0.25,104.99,6.57,4.37,5.0
2021-06-23,23,140.0,40.68,0.291,99.32,5.67,4.32,5.08
2021-06-25,21,140.0,49.28,0.352,90.72,8.6,4.32,4.93
2021-06-26,20,140.0,56.47,0.403,83.53,7.19,4.18,5.13
2021-06-27,19,140.0,62.59,0.447,77.41,6.12,4.07,5.22
2021-06-28,18,140.0,66.4,0.474,73.6,3.81,4.09,5.11
2021-06-29,17,140.0,71.97,0.514,68.03,5.57,4.0,5.14
2021-06-30,16,140.0,76.51,0.546,63.49,4.54,3.97,5.1
2021-07-01,15,140.0,81.64,0.583,58.36,5.13,3.89,5.1
2021-07-02,14,140.0,88.08,0.629,51.92,6.44,3.71,5.18
2021-07-03,13,140.0,93.98,0.671,46.02,5.9,3.54,5.22
2021-07-04,12,140.0,100.59,0.719,39.41,6.61,3.28,5.29
2021-07-05,11,140.0,105.14,0.751,34.86,4.55,3.17,5.26
2021-07-06,10,140.0,110.4,0.789,29.6,5.26,2.96,5.26
2021-07-07,9,140.0,117.04,0.836,22.96,6.64,2.55,5.32
2021-07-08,8,160.0,123.37,0.771,20.0,2.96,2.5,5.36
2021-07-09,7,160.0,124.07,0.775,35.93000000000001,-15.93,5.13,5.17
2021-07-09,7,160.0,124.07,0.775,35.93,0.0,5.13,5.17
2021-07-09,7,160.0,131.95,0.825,28.05,7.88,4.01,5.5
2021-07-10,6,160.0,136.43,0.853,23.57,4.48,3.93,5.46
2021-07-11,5,160.0,145.6,0.91,14.4,9.17,2.88,5.6
2021-07-12,4,160.0,150.57,0.941,9.43,4.97,2.36,5.58
2021-07-13,3,160.0,154.67,0.967,5.33,4.1,1.78,5.52
2021-07-14,2,160.0,157.24,0.983,2.76,2.57,1.38,5.42
2021-07-15,1,160.0,160.0,1.0,0.0,2.76,0.0,5.33
2021-07-18,28,160.0,32.34,0.202,127.66,32.34,4.56,10.78
2021-07-18,28,160.0,32.54,0.203,127.46,0.2,4.55,10.85
2021-07-18,28,160.0,36.74,0.23,123.26,4.2,4.4,12.25
2021-07-18,28,160.0,36.74,0.23,123.26,0.0,4.4,12.25
2021-07-19,27,160.0,40.61,0.254,119.39,3.87,4.42,10.15
2021-07-20,26,160.0,45.89,0.287,114.11,5.28,4.39,9.18
2021-07-21,25,160.0,50.56,0.316,109.44,4.67,4.38,8.43
2021-07-22,24,160.0,56.8,0.355,103.2,6.24,4.3,8.11
2021-07-24,22,160.0,69.84,0.436,90.16,13.04,4.1,7.76
2021-07-25,21,160.0,78.44,0.49,81.56,8.6,3.88,7.84
2021-07-26,20,160.0,82.55,0.516,77.45,4.11,3.87,7.5
2021-07-27,19,160.0,88.74,0.555,71.26,6.19,3.75,7.39
2021-07-28,18,160.0,94.6,0.591,65.4,5.86,3.63,7.28
2021-07-29,17,160.0,103.32,0.646,56.68,8.72,3.33,7.38
2021-07-30,16,160.0,112.44,0.703,47.56,9.12,2.97,7.5
2021-07-31,15,160.0,118.66,0.742,41.34,6.22,2.76,7.42
2021-08-01,14,160.0,122.89,0.768,37.11,4.23,2.65,7.23
2021-08-02,13,160.0,125.07,0.782,34.93,2.18,2.69,6.95
2021-08-03,12,160.0,134.16,0.839,25.84,9.09,2.15,7.06
2021-08-04,11,160.0,139.77,0.874,20.23,5.61,1.84,6.99
2021-08-05,10,160.0,145.65,0.91,14.35,5.88,1.44,6.94
2021-08-06,9,160.0,159.24,0.995,0.76,13.59,0.08,7.24
2021-08-07,30,140.0,6.48,0.046,133.52,6.48,4.45,6.48
2021-08-08,29,140.0,10.07,0.072,129.93,3.59,4.48,5.04
2021-08-09,28,140.0,12.56,0.09,127.44,2.49,4.55,4.19
2021-08-10,27,140.0,18.26,0.13,121.74,5.7,4.51,4.57
2021-08-11,26,140.0,22.93,0.164,117.07,4.67,4.5,4.59
2021-08-13,24,140.0,36.54,0.261,103.46,13.61,4.31,5.22
2021-08-14,23,140.0,44.27,0.316,95.73,7.73,4.16,5.53
2021-08-15,22,140.0,47.77,0.341,92.23,3.5,4.19,5.31
2021-08-16,21,140.0,52.63,0.376,87.37,4.86,4.16,5.26
2021-08-17,20,140.0,59.41,0.424,80.59,6.78,4.03,5.4
2021-08-18,19,140.0,65.76,0.47,74.24,6.35,3.91,5.48
2021-08-19,18,140.0,72.08,0.515,67.92,6.32,3.77,5.54
2021-08-20,17,140.0,78.97,0.564,61.03,6.89,3.59,5.64
2021-08-21,16,140.0,82.7,0.591,57.3,3.73,3.58,5.51
2021-08-22,15,140.0,85.64,0.612,54.36,2.94,3.62,5.35
2021-08-23,14,140.0,88.2,0.63,51.8,2.56,3.7,5.19
2021-08-24,13,140.0,92.24,0.659,47.76,4.04,3.67,5.12
2021-08-25,12,140.0,97.0,0.693,43.0,4.76,3.58,5.11
2021-08-26,11,140.0,101.39,0.724,38.61,4.39,3.51,5.07
2021-08-27,10,140.0,106.01,0.757,33.99,4.62,3.4,5.05
2021-08-28,9,140.0,112.79,0.806,27.21,6.78,3.02,5.13
2021-08-29,8,140.0,118.39,0.846,21.61,5.6,2.7,5.15
2021-08-30,7,140.0,123.81,0.884,16.19,5.42,2.31,5.16
2021-08-31,6,140.0,130.0,0.929,10.0,6.19,1.67,5.2
2021-09-01,5,140.0,134.36,0.96,5.64,4.36,1.13,5.17
2021-09-02,30,140.0,0.74,0.005,139.26,0.74,4.64,0.74
2021-09-04,28,140.0,10.41,0.074,129.59,9.67,4.63,3.47
2021-09-05,27,140.0,13.96,0.1,126.04,3.55,4.67,3.49
2021-09-06,26,140.0,20.4,0.146,119.6,6.44,4.6,4.08
2021-09-07,25,140.0,24.99,0.178,115.01,4.59,4.6,4.17
2021-09-08,24,140.0,34.01,0.243,105.99,9.02,4.42,4.86
2021-09-09,23,140.0,38.59,0.276,101.41,4.58,4.41,4.82
2021-09-10,22,140.0,41.82,0.299,98.18,3.23,4.46,4.65
2021-09-11,21,140.0,48.0,0.343,92.0,6.18,4.38,4.8
2021-09-12,20,140.0,52.68,0.376,87.32,4.68,4.37,4.79
2021-09-14,18,140.0,66.08,0.472,73.92,13.4,4.11,5.08
2021-09-15,17,140.0,70.1,0.501,69.9,4.02,4.11,5.01
2021-09-16,16,140.0,79.15,0.565,60.85,9.05,3.8,5.28
2021-09-17,15,140.0,84.17,0.601,55.83,5.02,3.72,5.26
2021-09-18,14,140.0,89.11,0.636,50.89,4.94,3.64,5.24
2021-09-19,13,140.0,92.68,0.662,47.32,3.57,3.64,5.15
2021-09-20,12,140.0,97.6,0.697,42.4,4.92,3.53,5.14
2021-09-21,11,140.0,104.64,0.747,35.36,7.04,3.21,5.23
2021-09-24,8,140.0,122.02,0.872,17.98,17.38,2.25,5.31
2021-09-25,7,140.0,129.43,0.925,10.57,7.41,1.51,5.39
2021-09-26,6,140.0,136.27,0.973,3.73,6.84,0.62,5.45
2021-09-27,30,140.0,2.83,0.02,137.17,2.83,4.57,2.83
2021-09-28,29,140.0,11.58,0.083,128.42,8.75,4.43,5.79
2021-09-29,28,140.0,13.71,0.098,126.29,2.13,4.51,4.57
2021-09-30,27,140.0,17.82,0.127,122.18,4.11,4.53,4.46
2021-10-01,26,140.0,20.95,0.15,119.05,3.13,4.58,4.19
2021-10-02,25,140.0,28.41,0.203,111.59,7.46,4.46,4.74
2021-10-03,24,140.0,32.7,0.234,107.3,4.29,4.47,4.67
2021-10-04,23,140.0,38.52,0.275,101.48,5.82,4.41,4.82
2021-10-05,22,140.0,41.9,0.299,98.1,3.38,4.46,4.66
2021-10-06,21,140.0,48.43,0.346,91.57,6.53,4.36,4.84
2021-10-07,20,140.0,54.44,0.389,85.56,6.01,4.28,4.95
2021-10-08,19,140.0,60.58,0.433,79.42,6.14,4.18,5.05
2021-10-09,18,140.0,66.74,0.477,73.26,6.16,4.07,5.13
2021-10-10,17,140.0,69.73,0.498,70.27,2.99,4.13,4.98
2021-10-11,16,140.0,74.09,0.529,65.91,4.36,4.12,4.94
2021-10-12,15,140.0,79.59,0.569,60.41,5.5,4.03,4.97
2021-10-13,14,140.0,84.05,0.6,55.95,4.46,4.0,4.94
2021-10-14,13,140.0,89.79,0.641,50.21,5.74,3.86,4.99
2021-10-15,12,140.0,100.04,0.715,39.96,10.25,3.33,5.27
2021-10-16,11,140.0,111.38,0.796,28.62,11.34,2.6,5.57
2021-10-17,10,140.0,115.65,0.826,24.35,4.27,2.44,5.51
2021-10-18,9,140.0,122.42,0.874,17.58,6.77,1.95,5.56
2021-10-19,8,140.0,128.52,0.918,11.48,6.1,1.44,5.59
2021-10-20,7,140.0,139.05,0.993,0.95,10.53,0.14,5.79
2021-10-21,30,140.0,3.13,0.022,136.87,3.13,4.56,3.13
2021-10-22,29,140.0,7.85,0.056,132.15,4.72,4.56,3.92
2021-10-23,28,140.0,16.12,0.115,123.88,8.27,4.42,5.37
2021-10-24,27,140.0,26.18,0.187,113.82,10.06,4.22,6.54
2021-10-25,26,140.0,32.52,0.232,107.48,6.34,4.13,6.5
2021-10-26,25,140.0,39.02,0.279,100.98,6.5,4.04,6.5
2021-10-27,24,140.0,46.17,0.33,93.83,7.15,3.91,6.6
2021-10-28,23,140.0,53.44,0.382,86.56,7.27,3.76,6.68
2021-10-29,22,140.0,57.36,0.41,82.64,3.92,3.76,6.37
2021-10-30,21,140.0,62.66,0.448,77.34,5.3,3.68,6.27
2021-10-31,20,140.0,67.61,0.483,72.39,4.95,3.62,6.15
2021-11-01,19,140.0,70.32,0.502,69.68,2.71,3.67,5.86
2021-11-03,17,140.0,76.78,0.548,63.22,6.46,3.72,5.48
2021-11-04,16,140.0,85.24,0.609,54.76,8.46,3.42,5.68
2021-11-05,15,140.0,93.32,0.667,46.68,8.08,3.11,5.83
2021-11-06,14,140.0,102.8,0.734,37.2,9.48,2.66,6.05
2021-11-07,13,140.0,107.52,0.768,32.48,4.72,2.5,5.97
2021-11-08,12,140.0,110.33,0.788,29.67,2.81,2.47,5.81
2021-11-09,11,140.0,115.97,0.828,24.03,5.64,2.18,5.8
2021-11-10,10,140.0,124.31,0.888,15.69,8.34,1.57,5.92
2021-11-11,9,140.0,131.02,0.936,8.98,6.71,1.0,5.96
2021-11-12,8,140.0,133.8,0.956,6.2,2.78,0.78,5.82
2021-11-13,7,140.0,136.72,0.977,3.28,2.92,0.47,5.7
2021-11-14,6,140.0,139.3,0.995,0.7,2.58,0.12,5.57
2021-11-15,30,140.0,0.49,0.004,139.51,0.49,4.65,0.49
2021-11-16,29,140.0,13.06,0.093,126.94,12.57,4.38,6.53
2021-11-24,21,140.0,50.73,0.362,89.27,37.67,4.25,5.07
2021-11-25,20,140.0,55.02,0.393,84.98,4.29,4.25,5.0
2021-11-26,19,140.0,58.84,0.42,81.16,3.82,4.27,4.9
2021-11-27,18,140.0,64.17,0.458,75.83,5.33,4.21,4.94
2021-11-28,17,140.0,67.09,0.479,72.91,2.92,4.29,4.79
2021-11-29,16,140.0,70.51,0.504,69.49,3.42,4.34,4.7
2021-11-30,15,140.0,73.61,0.526,66.39,3.1,4.43,4.6
2021-12-01,14,140.0,84.36,0.603,55.64,10.75,3.97,4.96
2021-12-02,13,140.0,88.86,0.635,51.14,4.5,3.93,4.94
2021-12-03,12,140.0,92.36,0.66,47.64,3.5,3.97,4.86
2021-12-04,11,140.0,95.81,0.684,44.19,3.45,4.02,4.79
2021-12-05,10,140.0,98.52,0.704,41.48,2.71,4.15,4.69
2021-12-06,9,140.0,101.77,0.727,38.23,3.25,4.25,4.63
2021-12-08,7,140.0,111.43,0.796,28.57,9.66,4.08,4.64
2021-12-09,6,140.0,121.85,0.87,18.15,10.42,3.02,4.87
2021-12-10,5,140.0,126.5,0.904,13.5,4.65,2.7,4.87
2021-12-11,4,140.0,131.34,0.938,8.66,4.84,2.17,4.86
2021-12-12,3,140.0,135.08,0.965,4.92,3.74,1.64,4.82
2021-12-13,2,140.0,138.07,0.986,1.93,2.99,0.96,4.76
2021-12-14,30,160.0,0.0,0.0,160.0,0.0,5.33,0.0
2021-12-15,29,160.0,4.86,0.03,155.14,4.86,5.35,2.43
2021-12-16,28,160.0,7.54,0.047,152.46,2.68,5.45,2.51
2021-12-17,27,160.0,18.33,0.115,141.67,10.79,5.25,4.58
2021-12-18,26,160.0,23.23,0.145,136.77,4.9,5.26,4.65
2021-12-19,25,160.0,25.61,0.16,134.39,2.38,5.38,4.27
2021-12-20,24,160.0,30.04,0.188,129.96,4.43,5.42,4.29
2021-12-21,23,160.0,35.48,0.222,124.52,5.44,5.41,4.43
2021-12-22,22,160.0,41.87,0.262,118.13,6.39,5.37,4.65
2021-12-23,21,160.0,46.32,0.289,113.68,4.45,5.41,4.63
2021-12-24,20,160.0,53.19,0.332,106.81,6.87,5.34,4.84
2021-12-25,19,160.0,59.08,0.369,100.92,5.89,5.31,4.92
2021-12-26,18,160.0,63.8,0.399,96.2,4.72,5.34,4.91
2021-12-27,17,160.0,66.32,0.414,93.68,2.52,5.51,4.74
2021-12-28,16,160.0,72.12,0.451,87.88,5.8,5.49,4.81
2021-12-29,15,160.0,83.37,0.521,76.63,11.25,5.11,5.21
2021-12-30,14,160.0,87.17,0.545,72.83,3.8,5.2,5.13
2021-12-31,13,160.0,91.82,0.574,68.18,4.65,5.24,5.1
2022-01-01,12,160.0,94.99,0.594,65.01,3.17,5.42,5.0
2022-01-02,11,160.0,100.67,0.629,59.33,5.68,5.39,5.03
2022-01-03,10,160.0,103.44,0.646,56.56,2.77,5.66,4.93
2022-01-04,9,160.0,108.26,0.677,51.74,4.82,5.75,4.92
2022-01-05,8,160.0,114.27,0.714,45.73,6.01,5.72,4.97
2022-01-06,7,160.0,120.2,0.751,39.8,5.93,5.69,5.01
2022-01-07,6,160.0,125.0,0.781,35.0,4.8,5.83,5.0
2022-01-08,5,160.0,131.03,0.819,28.97,6.03,5.79,5.04
2022-01-09,4,160.0,137.48,0.859,22.52,6.45,5.63,5.09
2022-01-10,3,160.0,142.14,0.888,17.86,4.66,5.95,5.08
2022-01-11,2,160.0,148.01,0.925,11.99,5.87,6.0,5.1
2022-01-12,1,160.0,156.47,0.978,3.53,8.46,3.53,5.22
2022-01-13,30,140.0,6.72,0.048,133.28,6.72,4.44,6.72
2022-01-14,29,140.0,11.46,0.082,128.54,4.74,4.43,5.73
2022-01-16,27,140.0,27.97,0.2,112.03,16.51,4.15,6.99
2022-01-17,26,140.0,32.99,0.236,107.01,5.02,4.12,6.6
2022-01-18,25,140.0,38.75,0.277,101.25,5.76,4.05,6.46
2022-01-19,24,140.0,44.61,0.319,95.39,5.86,3.97,6.37
2022-01-20,23,140.0,51.14,0.365,88.86,6.53,3.86,6.39
2022-01-21,22,140.0,56.38,0.403,83.62,5.24,3.8,6.26
2022-01-22,21,140.0,60.82,0.434,79.18,4.44,3.77,6.08
2022-01-23,20,140.0,66.88,0.478,73.12,6.06,3.66,6.08
2022-01-24,19,140.0,73.21,0.523,66.79,6.33,3.52,6.1
2022-01-25,18,140.0,79.19,0.566,60.81,5.98,3.38,6.09
2022-01-26,17,140.0,84.46,0.603,55.54,5.27,3.27,6.03
2022-01-27,16,140.0,90.1,0.644,49.9,5.64,3.12,6.01
2022-01-28,15,140.0,93.7,0.669,46.3,3.6,3.09,5.86
2022-01-29,14,140.0,100.26,0.716,39.74,6.56,2.84,5.9
2022-01-30,13,140.0,106.38,0.76,33.62,6.12,2.59,5.91
2022-01-31,12,140.0,109.05,0.779,30.95,2.67,2.58,5.74
2022-02-01,11,140.0,110.86,0.792,29.14,1.81,2.65,5.54
2022-02-02,10,140.0,115.2,0.823,24.8,4.34,2.48,5.49
2022-02-03,9,140.0,121.19,0.866,18.81,5.99,2.09,5.51
2022-02-05,7,140.0,127.96,0.914,12.04,6.77,1.72,5.33
2022-02-05,7,140.0,131.69,0.941,8.31,3.73,1.19,5.49
2022-02-06,6,140.0,136.71,0.977,3.29,5.02,0.55,5.47
2022-02-07,30,140.0,1.13,0.008,138.87,1.13,4.63,1.13
2022-02-08,29,140.0,7.58,0.054,132.42,6.45,4.57,3.79
2022-02-09,28,140.0,16.94,0.121,123.06,9.36,4.4,5.65
2022-02-10,27,140.0,20.96,0.15,119.04,4.02,4.41,5.24
2022-02-11,26,140.0,33.17,0.237,106.83,12.21,4.11,6.63
2022-02-12,25,140.0,37.91,0.271,102.09,4.74,4.08,6.32
2022-02-13,24,140.0,40.92,0.292,99.08,3.01,4.13,5.85
2022-02-14,23,140.0,44.3,0.316,95.7,3.38,4.16,5.54
2022-02-15,22,140.0,47.12,0.337,92.88,2.82,4.22,5.24
2022-02-16,21,140.0,54.39,0.389,85.61,7.27,4.08,5.44
2022-02-18,19,140.0,72.47,0.518,67.53,18.08,3.55,6.04
2022-02-19,18,140.0,77.31,0.552,62.69,4.84,3.48,5.95
2022-02-20,17,140.0,82.95,0.593,57.05,5.64,3.36,5.92
2022-02-21,16,140.0,86.65,0.619,53.35,3.7,3.33,5.78
2022-02-22,15,140.0,91.02,0.65,48.98,4.37,3.27,5.69
2022-02-23,14,140.0,95.49,0.682,44.51,4.47,3.18,5.62
2022-02-24,13,140.0,102.51,0.732,37.49,7.02,2.88,5.7
2022-02-25,12,140.0,105.73,0.755,34.27,3.22,2.86,5.56
2022-02-26,11,140.0,113.37,0.81,26.63,7.64,2.42,5.67
2022-02-27,10,140.0,116.41,0.832,23.59,3.04,2.36,5.54
2022-02-28,9,140.0,121.32,0.867,18.68,4.91,2.08,5.51
2022-03-01,8,140.0,126.84,0.906,13.16,5.52,1.65,5.51
2022-03-02,7,140.0,133.19,0.951,6.81,6.35,0.97,5.55
2022-03-03,6,140.0,138.11,0.987,1.89,4.92,0.32,5.52
2022-03-04,30,140.0,2.11,0.015,137.89,2.11,4.6,2.11
2022-03-05,29,140.0,20.03,0.143,119.97,17.92,4.14,10.02
2022-03-06,28,140.0,23.83,0.17,116.17,3.8,4.15,7.94
2022-03-07,27,140.0,29.65,0.212,110.35,5.82,4.09,7.41
2022-03-08,26,140.0,35.41,0.253,104.59,5.76,4.02,7.08
2022-03-09,25,140.0,43.05,0.307,96.95,7.64,3.88,7.17
2022-03-10,24,140.0,61.7,0.441,78.3,18.65,3.26,8.81
2022-03-11,23,140.0,69.11,0.494,70.89,7.41,3.08,8.64
2022-03-12,22,140.0,74.31,0.531,65.69,5.2,2.99,8.26
2022-03-13,21,140.0,85.03,0.607,54.97,10.72,2.62,8.5
2022-03-14,20,140.0,90.54,0.647,49.46,5.51,2.47,8.23
2022-03-15,19,140.0,96.1,0.686,43.9,5.56,2.31,8.01
2022-03-16,18,140.0,104.06,0.743,35.94,7.96,2.0,8.0
2022-03-17,17,140.0,112.06,0.8,27.94,8.0,1.64,8.0
2022-03-18,16,140.0,117.32,0.838,22.68,5.26,1.42,7.82
2022-03-19,15,140.0,121.1,0.865,18.9,3.78,1.26,7.57
2022-03-20,14,140.0,125.24,0.895,14.76,4.14,1.05,7.37
2022-03-21,13,140.0,133.74,0.955,6.26,8.5,0.48,7.43
2022-03-22,12,140.0,139.18,0.994,0.82,5.44,0.07,7.33
2022-03-23,30,140.0,2.52,0.018,137.48,2.52,4.58,2.52
2022-03-24,29,140.0,8.33,0.059,131.67,5.81,4.54,4.17
2022-03-25,28,140.0,18.16,0.13,121.84,9.83,4.35,6.05
2022-03-26,27,140.0,22.33,0.159,117.67,4.17,4.36,5.58
2022-03-27,26,140.0,35.12,0.251,104.88,12.79,4.03,7.02
2022-03-28,25,140.0,42.96,0.307,97.04,7.84,3.88,7.16
2022-03-29,24,140.0,47.73,0.341,92.27,4.77,3.84,6.82
2022-04-02,20,140.0,63.12,0.451,76.88,15.39,3.84,5.74
2022-04-03,19,140.0,63.72,0.455,76.28,0.6,4.01,5.31
2022-04-03,19,140.0,67.29,0.481,72.71,3.57,3.83,5.61
2022-04-04,18,140.0,72.88,0.521,67.12,5.59,3.73,5.61
2022-04-05,17,140.0,78.49,0.561,61.51,5.61,3.62,5.61
2022-04-06,16,140.0,82.57,0.59,57.43,4.08,3.59,5.5
2022-04-07,15,140.0,88.73,0.634,51.27,6.16,3.42,5.55
2022-04-08,14,140.0,94.82,0.677,45.18,6.09,3.23,5.58
2022-04-09,13,140.0,97.68,0.698,42.32,2.86,3.26,5.43
2022-04-10,12,140.0,102.84,0.735,37.16,5.16,3.1,5.41
2022-04-11,11,140.0,107.9,0.771,32.1,5.06,2.92,5.4
2022-04-12,10,140.0,111.51,0.796,28.49,3.61,2.85,5.31
2022-04-13,9,140.0,115.42,0.824,24.58,3.91,2.73,5.25
2022-04-14,8,140.0,120.4,0.86,19.6,4.98,2.45,5.23
2022-04-15,7,140.0,127.19,0.908,12.81,6.79,1.83,5.3
2022-04-16,6,140.0,135.28,0.966,4.72,8.09,0.79,5.41
2022-04-17,30,140.0,0.99,0.007,139.01,0.99,4.63,0.99
2022-04-18,29,140.0,6.52,0.047,133.48,5.53,4.6,3.26
2022-04-19,28,140.0,11.92,0.085,128.08,5.4,4.57,3.97
2022-04-20,27,140.0,16.35,0.117,123.65,4.43,4.58,4.09
2022-04-21,26,140.0,21.3,0.152,118.7,4.95,4.57,4.26
2022-04-22,25,140.0,25.88,0.185,114.12,4.58,4.56,4.31
2022-04-23,24,140.0,31.94,0.228,108.06,6.06,4.5,4.56
2022-04-24,23,140.0,37.25,0.266,102.75,5.31,4.47,4.66
2022-04-25,22,140.0,42.14,0.301,97.86,4.89,4.45,4.68
2022-04-26,21,140.0,47.2,0.337,92.8,5.06,4.42,4.72
2022-04-27,20,140.0,52.82,0.377,87.18,5.62,4.36,4.8
2022-04-28,19,140.0,57.21,0.409,82.79,4.39,4.36,4.77
2022-04-29,18,140.0,67.29,0.481,72.71,10.08,4.04,5.18
2022-04-30,17,140.0,78.5,0.561,61.5,11.21,3.62,5.61
2022-05-01,16,140.0,85.39,0.61,54.61,6.89,3.41,5.69
2022-05-02,15,140.0,92.4,0.66,47.6,7.01,3.17,5.78
2022-05-03,14,140.0,95.6,0.683,44.4,3.2,3.17,5.62
2022-05-04,13,140.0,103.38,0.738,36.62,7.78,2.82,5.74
2022-05-05,12,140.0,114.2,0.816,25.8,10.82,2.15,6.01
2022-05-06,11,140.0,119.31,0.852,20.69,5.11,1.88,5.97
2022-05-07,10,140.0,121.27,0.866,18.73,1.96,1.87,5.77
2022-05-09,8,140.0,127.93,0.914,12.07,6.66,1.51,5.56
2022-05-10,7,140.0,134.46,0.96,5.54,6.53,0.79,5.6
2022-05-11,6,140.0,137.91,0.985,2.09,3.45,0.35,5.52
2022-05-12,30,140.0,3.48,0.025,136.52,3.48,4.55,3.48
2022-05-14,28,140.0,14.41,0.103,125.59,10.93,4.49,4.8
2022-05-15,27,140.0,20.97,0.15,119.03,6.56,4.41,5.24
2022-05-16,26,140.0,25.47,0.182,114.53,4.5,4.41,5.09
2022-05-17,25,140.0,29.18,0.208,110.82,3.71,4.43,4.86
2022-05-18,24,140.0,31.49,0.225,108.51,2.31,4.52,4.5
2022-05-19,23,140.0,37.59,0.269,102.41,6.1,4.45,4.7
2022-05-20,22,140.0,42.54,0.304,97.46,4.95,4.43,4.73
2022-05-21,21,140.0,49.5,0.354,90.5,6.96,4.31,4.95
2022-05-22,20,140.0,53.42,0.382,86.58,3.92,4.33,4.86
2022-05-23,19,140.0,57.04,0.407,82.96,3.62,4.37,4.75
2022-05-24,18,140.0,61.14,0.437,78.86,4.1,4.38,4.7
2022-05-25,17,140.0,65.88,0.471,74.12,4.74,4.36,4.71
2022-05-26,16,140.0,71.05,0.507,68.95,5.17,4.31,4.74
2022-05-30,12,140.0,89.38,0.638,50.62,18.33,4.22,4.7
2022-05-31,11,140.0,96.13,0.687,43.87,6.75,3.99,4.81
2022-06-01,10,140.0,99.74,0.712,40.26,3.61,4.03,4.75
2022-06-02,9,140.0,106.37,0.76,33.63,6.63,3.74,4.83
2022-06-03,8,140.0,111.02,0.793,28.98,4.65,3.62,4.83
2022-06-04,7,140.0,117.26,0.838,22.74,6.24,3.25,4.89
2022-06-05,6,140.0,125.12,0.894,14.88,7.86,2.48,5.0
2022-06-06,5,140.0,131.9,0.942,8.1,6.78,1.62,5.07
2022-06-07,30,140.0,3.12,0.022,136.88,3.12,4.56,3.12
2022-06-08,29,140.0,9.23,0.066,130.77,6.11,4.51,4.62
2022-06-09,28,140.0,16.17,0.116,123.83,6.94,4.42,5.39
2022-06-10,27,140.0,21.32,0.152,118.68,5.15,4.4,5.33
2022-06-11,26,140.0,25.94,0.185,114.06,4.62,4.39,5.19
2022-06-12,25,140.0,28.52,0.204,111.48,2.58,4.46,4.75
2022-06-13,24,140.0,34.15,0.244,105.85,5.63,4.41,4.88
2022-06-14,23,140.0,39.64,0.283,100.36,5.49,4.36,4.96
2022-06-15,22,140.0,44.63,0.319,95.37,4.99,4.33,4.96
2022-06-16,21,140.0,51.39,0.367,88.61,6.76,4.22,5.14
2022-06-17,20,140.0,58.29,0.416,81.71,6.9,4.09,5.3
2022-06-18,19,140.0,65.87,0.471,74.13,7.58,3.9,5.49
2022-06-19,18,140.0,69.65,0.498,70.35,3.78,3.91,5.36
2022-06-20,17,140.0,74.44,0.532,65.56,4.79,3.86,5.32
2022-06-21,16,140.0,81.39,0.581,58.61,6.95,3.66,5.43
2022-06-22,15,140.0,88.98,0.636,51.02,7.59,3.4,5.56
2022-06-23,14,140.0,97.08,0.693,42.92,8.1,3.07,5.71
2022-06-24,13,140.0,101.81,0.727,38.19,4.73,2.94,5.66
2022-06-25,12,140.0,106.2,0.759,33.8,4.39,2.82,5.59
2022-06-26,11,140.0,114.42,0.817,25.58,8.22,2.33,5.72
2022-06-27,10,140.0,121.21,0.866,18.79,6.79,1.88,5.77
2022-06-28,9,140.0,128.75,0.92,11.25,7.54,1.25,5.85
2022-06-30,30,140.0,1.9,0.014,138.1,1.9,4.6,1.9
2022-07-01,29,140.0,10.71,0.077,129.29,8.81,4.46,5.36
2022-07-02,28,140.0,16.66,0.119,123.34,5.95,4.41,5.55
2022-07-03,27,140.0,22.81,0.163,117.19,6.15,4.34,5.7
2022-07-04,26,140.0,27.97,0.2,112.03,5.16,4.31,5.59
2022-07-05,25,140.0,32.21,0.23,107.79,4.24,4.31,5.37
2022-07-06,24,140.0,38.37,0.274,101.63,6.16,4.23,5.48
2022-07-07,23,140.0,51.34,0.367,88.66,12.97,3.85,6.42
2022-07-08,22,140.0,57.4,0.41,82.6,6.06,3.75,6.38
2022-07-09,21,140.0,64.65,0.462,75.35,7.25,3.59,6.47
2022-07-10,20,140.0,77.29,0.552,62.71,12.64,3.14,7.03
2022-07-11,19,140.0,83.25,0.595,56.75,5.96,2.99,6.94
2022-07-12,18,140.0,88.39,0.631,51.61,5.14,2.87,6.8
2022-07-13,17,140.0,93.14,0.665,46.86,4.75,2.76,6.65
2022-07-14,16,140.0,97.6,0.697,42.4,4.46,2.65,6.51
2022-07-15,15,140.0,103.09,0.736,36.91,5.49,2.46,6.44
2022-07-16,14,140.0,108.94,0.778,31.06,5.85,2.22,6.41
2022-07-18,12,140.0,112.75,0.805,27.25,3.81,2.27,5.93
2022-07-19,11,140.0,117.17,0.837,22.83,4.42,2.08,5.86
2022-07-20,10,140.0,123.9,0.885,16.1,6.73,1.61,5.9
2022-07-21,9,140.0,130.22,0.93,9.78,6.32,1.09,5.92
2022-07-22,8,140.0,133.1,0.951,6.9,2.88,0.86,5.79
2022-07-23,30,140.0,1.99,0.014,138.01,1.99,4.6,1.99
2022-07-24,29,140.0,6.09,0.043,133.91,4.1,4.62,3.04
2022-07-25,28,140.0,10.99,0.079,129.01,4.9,4.61,3.66
2022-07-26,27,140.0,16.24,0.116,123.76,5.25,4.58,4.06
2022-07-27,26,140.0,21.38,0.153,118.62,5.14,4.56,4.28
2022-07-28,25,140.0,28.44,0.203,111.56,7.06,4.46,4.74
2022-07-29,24,140.0,33.4,0.239,106.6,4.96,4.44,4.77
2022-07-30,23,140.0,42.23,0.302,97.77,8.83,4.25,5.28
2022-07-31,22,140.0,49.05,0.35,90.95,6.82,4.13,5.45
2022-08-01,21,140.0,49.37,0.353,90.63,49.37,4.32,4.94
2022-08-01,21,140.0,49.37,0.353,90.63,49.37,4.32,4.94